{
  "project_info": {
    "project_number": "1064285290287",
    "project_id": "contact-management-e926d",
    "storage_bucket": "contact-management-e926d.appspot.com"
  },
  "client": [
    {
      "client_info": {
        "mobilesdk_app_id": "1:1064285290287:android:2fa761093d6ff9819b2bda",
        "android_client_info": {
          "package_name": "com.example.contact_management_app"
        }
      },
      "oauth_client": [
        {
          "client_id": "1064285290287-drhklh74iu0qaruedp794ursdftca66d.apps.googleusercontent.com",
          "client_type": 3
        }
      ],
      "api_key": [
        {
          "current_key": "AIzaSyCIuK3-w2GkTPIMB3AvUyEz3i1rEYS4pic"
        }
      ],
      "services": {
        "appinvite_service": {
          "other_platform_oauth_client": [
            {
              "client_id": "1064285290287-drhklh74iu0qaruedp794ursdftca66d.apps.googleusercontent.com",
              "client_type": 3
            }
          ]
        }
      }
    }
  ],
  "configuration_version": "1"
}